TimeStamp,Scene,Event,Interaction
1721138009612,SampleScene,none,none,
1721138010682,SampleScene,none,none,
1721138010720,SampleScene,none,none,
1721138010740,SampleScene,none,none,
1721138010747,SampleScene,none,none,
1721138010751,SampleScene,none,none,
1721138010757,SampleScene,none,none,
1721138010761,SampleScene,none,none,
1721138010767,SampleScene,none,none,
1721138010774,SampleScene,none,none,
1721138010778,SampleScene,none,none,
1721138010783,SampleScene,none,none,
1721138010788,SampleScene,none,none,
1721138010793,SampleScene,none,none,
1721138010797,SampleScene,none,none,
1721138010802,SampleScene,none,none,
1721138010805,SampleScene,none,none,
1721138010810,SampleScene,none,none,
1721138010815,SampleScene,none,none,
1721138010820,SampleScene,none,none,
1721138010824,SampleScene,none,none,
1721138010830,SampleScene,none,none,
1721138010834,SampleScene,none,none,
1721138010838,SampleScene,none,none,
1721138010843,SampleScene,none,none,
1721138010847,SampleScene,none,none,
1721138010851,SampleScene,none,none,
1721138010856,SampleScene,none,none,
1721138010860,SampleScene,none,none,
1721138010863,SampleScene,none,none,
1721138010868,SampleScene,none,none,
1721138010872,SampleScene,none,none,
1721138010876,SampleScene,none,none,
1721138010881,SampleScene,none,none,
1721138010884,SampleScene,none,none,
1721138010889,SampleScene,none,none,
1721138010892,SampleScene,none,none,
1721138010897,SampleScene,none,none,
1721138010901,SampleScene,none,none,
1721138010904,SampleScene,none,none,
1721138010907,SampleScene,none,none,
1721138010912,SampleScene,none,none,
1721138010916,SampleScene,none,none,
1721138010920,SampleScene,none,none,
1721138010924,SampleScene,none,none,
1721138010928,SampleScene,none,none,
1721138010932,SampleScene,none,none,
1721138010936,SampleScene,none,none,
1721138010940,SampleScene,none,none,
1721138010943,SampleScene,none,none,
1721138010948,SampleScene,none,none,
1721138010952,SampleScene,none,none,
1721138010956,SampleScene,none,none,
1721138010959,SampleScene,none,none,
1721138010963,SampleScene,none,none,
1721138010967,SampleScene,none,none,
1721138010972,SampleScene,none,none,
1721138010976,SampleScene,none,none,
1721138010979,SampleScene,none,none,
1721138010982,SampleScene,none,none,
1721138010986,SampleScene,none,none,
1721138010990,SampleScene,none,none,
1721138010995,SampleScene,none,none,
1721138010998,SampleScene,none,none,
1721138011002,SampleScene,none,none,
1721138011006,SampleScene,none,none,
1721138011010,SampleScene,none,none,
1721138011013,SampleScene,none,none,
1721138011018,SampleScene,none,none,
1721138011022,SampleScene,none,none,
1721138011025,SampleScene,none,none,
1721138011029,SampleScene,none,none,
1721138011034,SampleScene,none,none,
1721138011038,SampleScene,none,none,
1721138011042,SampleScene,none,none,
1721138011045,SampleScene,none,none,
1721138011049,SampleScene,none,none,
1721138011052,SampleScene,none,none,
1721138011057,SampleScene,none,none,
1721138011061,SampleScene,none,none,
1721138011065,SampleScene,none,none,
1721138011069,SampleScene,none,none,
1721138011073,SampleScene,none,none,
1721138011077,SampleScene,none,none,
1721138011081,SampleScene,none,none,
1721138011084,SampleScene,none,none,
1721138011088,SampleScene,none,none,
1721138011092,SampleScene,none,none,
1721138011096,SampleScene,none,none,
1721138011100,SampleScene,none,none,
1721138011104,SampleScene,none,none,
1721138011108,SampleScene,none,none,
1721138011112,SampleScene,none,none,
1721138011116,SampleScene,none,none,
1721138011119,SampleScene,none,none,
1721138011122,SampleScene,none,none,
1721138011127,SampleScene,none,none,
1721138011130,SampleScene,none,none,
1721138011135,SampleScene,none,none,
1721138011139,SampleScene,none,none,
1721138011143,SampleScene,none,none,
1721138011146,SampleScene,none,none,
1721138011153,SampleScene,none,none,
1721138011157,SampleScene,none,none,
1721138011161,SampleScene,none,none,
1721138011166,SampleScene,none,none,
1721138011169,SampleScene,none,none,
1721138011174,SampleScene,none,none,
1721138011178,SampleScene,none,none,
1721138011182,SampleScene,none,none,
1721138011186,SampleScene,none,none,
1721138011190,SampleScene,none,none,
1721138011194,SampleScene,none,none,
1721138011198,SampleScene,none,none,
1721138011203,SampleScene,none,none,
1721138011206,SampleScene,none,none,
1721138011210,SampleScene,none,none,
1721138011214,SampleScene,none,none,
1721138011218,SampleScene,none,none,
1721138011223,SampleScene,none,none,
1721138011226,SampleScene,none,none,
1721138011231,SampleScene,none,none,
1721138011234,SampleScene,none,none,
1721138011238,SampleScene,none,none,
1721138011242,SampleScene,none,none,
1721138011245,SampleScene,none,none,
1721138011250,SampleScene,none,none,
1721138011254,SampleScene,none,none,
1721138011258,SampleScene,none,none,
1721138011262,SampleScene,none,none,
1721138011266,SampleScene,none,none,
1721138011270,SampleScene,none,none,
1721138011274,SampleScene,none,none,
1721138011278,SampleScene,none,none,
1721138011283,SampleScene,none,none,
1721138011286,SampleScene,none,none,
1721138011289,SampleScene,none,none,
1721138011294,SampleScene,none,none,
1721138011298,SampleScene,none,none,
1721138011302,SampleScene,none,none,
1721138011306,SampleScene,none,none,
1721138011310,SampleScene,none,none,
1721138011313,SampleScene,none,none,
1721138011318,SampleScene,none,none,
1721138011321,SampleScene,none,none,
1721138011326,SampleScene,none,none,
1721138011330,SampleScene,none,none,
1721138011333,SampleScene,none,none,
1721138011338,SampleScene,none,none,
1721138011341,SampleScene,none,none,
1721138011345,SampleScene,none,none,
1721138011349,SampleScene,none,none,
1721138011353,SampleScene,none,none,
1721138011356,SampleScene,none,none,
1721138011361,SampleScene,none,none,
1721138011364,SampleScene,none,none,
1721138011369,SampleScene,none,none,
1721138011372,SampleScene,none,none,
1721138011376,SampleScene,none,none,
1721138011381,SampleScene,none,none,
1721138011385,SampleScene,none,none,
1721138011389,SampleScene,none,none,
1721138011393,SampleScene,none,none,
1721138011397,SampleScene,none,none,
1721138011400,SampleScene,none,none,
1721138011404,SampleScene,none,none,
1721138011408,SampleScene,none,none,
1721138011412,SampleScene,none,none,
1721138011416,SampleScene,none,none,
1721138011420,SampleScene,none,none,
1721138011424,SampleScene,none,none,
1721138011428,SampleScene,none,none,
1721138011431,SampleScene,none,none,
1721138011436,SampleScene,none,none,
1721138011440,SampleScene,none,none,
1721138011444,SampleScene,none,none,
1721138011448,SampleScene,none,none,
1721138011451,SampleScene,none,none,
1721138011455,SampleScene,none,none,
1721138011460,SampleScene,none,none,
1721138011463,SampleScene,none,none,
1721138011468,SampleScene,none,none,
1721138011472,SampleScene,none,none,
1721138011475,SampleScene,none,none,
1721138011479,SampleScene,none,none,
1721138011484,SampleScene,none,none,
1721138011487,SampleScene,none,none,
1721138011492,SampleScene,none,none,
1721138011495,SampleScene,none,none,
1721138011499,SampleScene,none,none,
1721138011503,SampleScene,none,none,
1721138011506,SampleScene,none,none,
1721138011509,SampleScene,none,none,
1721138011514,SampleScene,none,none,
1721138011519,SampleScene,none,none,
1721138011522,SampleScene,none,none,
1721138011526,SampleScene,none,none,
1721138011530,SampleScene,none,none,
1721138011533,SampleScene,none,none,
1721138011538,SampleScene,none,none,
1721138011541,SampleScene,none,none,
1721138011546,SampleScene,none,none,
1721138011550,SampleScene,none,none,
1721138011554,SampleScene,none,none,
1721138011558,SampleScene,none,none,
1721138011561,SampleScene,none,none,
1721138011564,SampleScene,none,none,
1721138011569,SampleScene,none,none,
1721138011573,SampleScene,none,none,
1721138011577,SampleScene,none,none,
1721138011580,SampleScene,none,none,
1721138011585,SampleScene,none,none,
1721138011589,SampleScene,none,none,
1721138011592,SampleScene,none,none,
1721138011597,SampleScene,none,none,
1721138011600,SampleScene,none,none,
1721138011604,SampleScene,none,none,
1721138011608,SampleScene,none,none,
1721138011612,SampleScene,none,none,
1721138011616,SampleScene,none,none,
1721138011620,SampleScene,none,none,
1721138011623,SampleScene,none,none,
1721138011627,SampleScene,none,none,
1721138011632,SampleScene,none,none,
1721138011635,SampleScene,none,none,
1721138011639,SampleScene,none,none,
1721138011644,SampleScene,none,none,
1721138011647,SampleScene,none,none,
1721138011651,SampleScene,none,none,
1721138011655,SampleScene,none,none,
1721138011658,SampleScene,none,none,
1721138011663,SampleScene,none,none,
1721138011666,SampleScene,none,none,
1721138011671,SampleScene,none,none,
1721138011674,SampleScene,none,none,
1721138011678,SampleScene,none,none,
1721138011682,SampleScene,none,none,
1721138011685,SampleScene,none,none,
1721138011690,SampleScene,none,none,
1721138011694,SampleScene,none,none,
1721138011698,SampleScene,none,none,
1721138011703,SampleScene,none,none,
1721138011706,SampleScene,none,none,
1721138011710,SampleScene,none,none,
1721138011715,SampleScene,none,none,
1721138011719,SampleScene,none,none,
1721138011723,SampleScene,none,none,
1721138011727,SampleScene,none,none,
1721138011730,SampleScene,none,none,
1721138011734,SampleScene,none,none,
1721138011738,SampleScene,none,none,
1721138011742,SampleScene,none,none,
1721138011746,SampleScene,none,none,
1721138011750,SampleScene,none,none,
1721138011755,SampleScene,none,none,
1721138011758,SampleScene,none,none,
1721138011762,SampleScene,none,none,
1721138011780,SampleScene,none,none,
1721138011793,SampleScene,none,none,
1721138011800,SampleScene,none,none,
1721138011805,SampleScene,none,none,
1721138011811,SampleScene,none,none,
1721138011817,SampleScene,none,none,
1721138011821,SampleScene,none,none,
1721138011828,SampleScene,none,none,
1721138011834,SampleScene,none,none,
1721138011839,SampleScene,none,none,
1721138011846,SampleScene,none,none,
1721138011851,SampleScene,none,none,
1721138011855,SampleScene,none,none,
1721138011861,SampleScene,none,none,
1721138011865,SampleScene,none,none,
1721138011870,SampleScene,none,none,
1721138011874,SampleScene,none,none,
1721138011878,SampleScene,none,none,
1721138011884,SampleScene,none,none,
1721138011890,SampleScene,none,none,
1721138011897,SampleScene,none,none,
1721138011901,SampleScene,none,none,
1721138011906,SampleScene,none,none,
1721138011910,SampleScene,none,none,
1721138011914,SampleScene,none,none,
1721138011919,SampleScene,none,none,
1721138011923,SampleScene,none,none,
1721138011927,SampleScene,none,none,
1721138011932,SampleScene,none,none,
1721138011937,SampleScene,none,none,
1721138011941,SampleScene,none,none,
1721138011945,SampleScene,none,none,
1721138011949,SampleScene,none,none,
1721138011954,SampleScene,none,none,
1721138011957,SampleScene,none,none,
1721138011962,SampleScene,none,none,
1721138011968,SampleScene,none,none,
1721138011975,SampleScene,none,none,
1721138011979,SampleScene,none,none,
1721138011984,SampleScene,none,none,
1721138011987,SampleScene,none,none,
1721138011992,SampleScene,none,none,
1721138011996,SampleScene,none,none,
1721138012000,SampleScene,none,none,
1721138012003,SampleScene,none,none,
1721138012007,SampleScene,none,none,
1721138012011,SampleScene,none,none,
1721138012015,SampleScene,none,none,
1721138012019,SampleScene,none,none,
1721138012024,SampleScene,none,none,
1721138012027,SampleScene,none,none,
1721138012031,SampleScene,none,none,
1721138012035,SampleScene,none,none,
1721138012038,SampleScene,none,none,
1721138012042,SampleScene,none,none,
1721138012045,SampleScene,none,none,
1721138012048,SampleScene,none,none,
1721138012053,SampleScene,none,none,
1721138012058,SampleScene,none,none,
1721138012061,SampleScene,none,none,
1721138012065,SampleScene,none,none,
1721138012069,SampleScene,none,none,
1721138012074,SampleScene,none,none,
1721138012077,SampleScene,none,none,
1721138012081,SampleScene,none,none,
1721138012085,SampleScene,none,none,
1721138012088,SampleScene,none,none,
1721138012093,SampleScene,none,none,
1721138012096,SampleScene,none,none,
1721138012099,SampleScene,none,none,
1721138012104,SampleScene,none,none,
1721138012107,SampleScene,none,none,
1721138012112,SampleScene,none,none,
1721138012115,SampleScene,none,none,
1721138012119,SampleScene,none,none,
1721138012123,SampleScene,none,none,
1721138012127,SampleScene,none,none,
1721138012131,SampleScene,none,none,
1721138012135,SampleScene,none,none,
1721138012139,SampleScene,none,none,
1721138012142,SampleScene,none,none,
1721138012146,SampleScene,none,none,
1721138012150,SampleScene,none,none,
1721138012153,SampleScene,none,none,
1721138012158,SampleScene,none,none,
1721138012162,SampleScene,none,none,
1721138012165,SampleScene,none,none,
1721138012171,SampleScene,none,none,
1721138012175,SampleScene,none,none,
1721138012179,SampleScene,none,none,
1721138012183,SampleScene,none,none,
1721138012187,SampleScene,none,none,
1721138012191,SampleScene,none,none,
1721138012195,SampleScene,none,none,
1721138012199,SampleScene,none,none,
1721138012202,SampleScene,none,none,
1721138012205,SampleScene,none,none,
1721138012210,SampleScene,none,none,
1721138012215,SampleScene,none,none,
1721138012218,SampleScene,none,none,
1721138012222,SampleScene,none,none,
1721138012227,SampleScene,none,none,
1721138012230,SampleScene,none,none,
1721138012235,SampleScene,none,none,
1721138012239,SampleScene,none,none,
1721138012242,SampleScene,none,none,
1721138012247,SampleScene,none,none,
1721138012252,SampleScene,none,none,
1721138012255,SampleScene,none,none,
1721138012259,SampleScene,none,none,
1721138012263,SampleScene,none,none,
1721138012267,SampleScene,none,none,
1721138012271,SampleScene,none,none,
1721138012275,SampleScene,none,none,
1721138012280,SampleScene,none,none,
1721138012284,SampleScene,none,none,
1721138012288,SampleScene,none,none,
1721138012292,SampleScene,none,none,
1721138012296,SampleScene,none,none,
1721138012301,SampleScene,none,none,
1721138012304,SampleScene,none,none,
1721138012309,SampleScene,none,none,
1721138012313,SampleScene,none,none,
1721138012316,SampleScene,none,none,
1721138012321,SampleScene,none,none,
1721138012324,SampleScene,none,none,
1721138012329,SampleScene,none,none,
1721138012333,SampleScene,none,none,
1721138012337,SampleScene,none,none,
1721138012341,SampleScene,none,none,
1721138012345,SampleScene,none,none,
1721138012349,SampleScene,none,none,
1721138012352,SampleScene,none,none,
1721138012357,SampleScene,none,none,
1721138012361,SampleScene,none,none,
1721138012365,SampleScene,none,none,
1721138012370,SampleScene,none,none,
1721138012373,SampleScene,none,none,
1721138012378,SampleScene,none,none,
1721138012383,SampleScene,none,none,
1721138012388,SampleScene,none,none,
1721138012392,SampleScene,none,none,
1721138012397,SampleScene,none,none,
1721138012403,SampleScene,none,none,
1721138012408,SampleScene,none,none,
1721138012413,SampleScene,none,none,
1721138012418,SampleScene,none,none,
1721138012422,SampleScene,none,none,
1721138012426,SampleScene,none,none,
1721138012433,SampleScene,none,none,
1721138012437,SampleScene,none,none,
1721138012441,SampleScene,none,none,
1721138012446,SampleScene,none,none,
1721138012449,SampleScene,none,none,
1721138012454,SampleScene,none,none,
1721138012459,SampleScene,none,none,
1721138012465,SampleScene,none,none,
1721138012470,SampleScene,none,none,
1721138012475,SampleScene,none,none,
1721138012479,SampleScene,none,none,
1721138012484,SampleScene,none,none,
1721138012488,SampleScene,none,none,
1721138012493,SampleScene,none,none,
1721138012499,SampleScene,none,none,
1721138012503,SampleScene,none,none,
1721138012507,SampleScene,none,none,
1721138012512,SampleScene,none,none,
1721138012516,SampleScene,none,none,
1721138012520,SampleScene,none,none,
1721138012524,SampleScene,none,none,
1721138012529,SampleScene,none,none,
1721138012534,SampleScene,none,none,
1721138012539,SampleScene,none,none,
1721138012542,SampleScene,none,none,
1721138012547,SampleScene,none,none,
1721138012551,SampleScene,none,none,
1721138012555,SampleScene,none,none,
1721138012560,SampleScene,none,none,
1721138012565,SampleScene,none,none,
1721138012569,SampleScene,none,none,
1721138012574,SampleScene,none,none,
1721138012578,SampleScene,none,none,
1721138012583,SampleScene,none,none,
1721138012588,SampleScene,none,none,
1721138012591,SampleScene,none,none,
1721138012597,SampleScene,none,none,
1721138012601,SampleScene,none,none,
1721138012605,SampleScene,none,none,
1721138012609,SampleScene,none,none,
1721138012614,SampleScene,none,none,
1721138012618,SampleScene,none,none,
1721138012622,SampleScene,none,none,
1721138012625,SampleScene,none,none,
1721138012629,SampleScene,none,none,
1721138012634,SampleScene,none,none,
1721138012638,SampleScene,none,none,
1721138012642,SampleScene,none,none,
1721138012645,SampleScene,none,none,
1721138012650,SampleScene,none,none,
1721138012654,SampleScene,none,none,
1721138012658,SampleScene,none,none,
1721138012661,SampleScene,none,none,
1721138012666,SampleScene,none,none,
1721138012670,SampleScene,none,none,
1721138012673,SampleScene,none,none,
1721138012678,SampleScene,none,none,
1721138012682,SampleScene,none,none,
1721138012687,SampleScene,none,none,
1721138012692,SampleScene,none,none,
1721138012697,SampleScene,none,none,
1721138012701,SampleScene,none,none,
1721138012705,SampleScene,none,none,
1721138012709,SampleScene,none,none,
1721138012714,SampleScene,none,none,
1721138012719,SampleScene,none,none,
1721138012722,SampleScene,none,none,
1721138012727,SampleScene,none,none,
1721138012731,SampleScene,none,none,
1721138012736,SampleScene,none,none,
1721138012740,SampleScene,none,none,
1721138012745,SampleScene,none,none,
1721138012749,SampleScene,none,none,
1721138012753,SampleScene,none,none,
1721138012757,SampleScene,none,none,
1721138012760,SampleScene,none,none,
1721138012766,SampleScene,none,none,
1721138012770,SampleScene,none,none,
1721138012775,SampleScene,none,none,
1721138012779,SampleScene,none,none,
1721138012783,SampleScene,none,none,
1721138012787,SampleScene,none,none,
1721138012792,SampleScene,none,none,
1721138012797,SampleScene,none,none,
1721138012802,SampleScene,none,none,
1721138012807,SampleScene,none,none,
1721138012812,SampleScene,none,none,
1721138012815,SampleScene,none,none,
1721138012820,SampleScene,none,none,
1721138012825,SampleScene,none,none,
1721138012829,SampleScene,none,none,
1721138012834,SampleScene,none,none,
1721138012837,SampleScene,none,none,
1721138012841,SampleScene,none,none,
1721138012845,SampleScene,none,none,
1721138012849,SampleScene,none,none,
1721138012853,SampleScene,none,none,
1721138012859,SampleScene,none,none,
1721138012863,SampleScene,none,none,
1721138012867,SampleScene,none,none,
1721138012872,SampleScene,none,none,
1721138012876,SampleScene,none,none,
1721138012880,SampleScene,none,none,
1721138012883,SampleScene,none,none,
1721138012889,SampleScene,none,none,
1721138012893,SampleScene,none,none,
1721138012896,SampleScene,none,none,
1721138012902,SampleScene,none,none,
1721138012905,SampleScene,none,none,
1721138012910,SampleScene,none,none,
1721138012914,SampleScene,none,none,
1721138012919,SampleScene,none,none,
1721138012922,SampleScene,none,none,
1721138012927,SampleScene,none,none,
1721138012931,SampleScene,none,none,
1721138012936,SampleScene,none,none,
1721138012940,SampleScene,none,none,
1721138012944,SampleScene,none,none,
1721138012947,SampleScene,none,none,
1721138012953,SampleScene,none,none,
1721138012957,SampleScene,none,none,
1721138012961,SampleScene,none,none,
1721138012965,SampleScene,none,none,
1721138012970,SampleScene,none,none,
1721138012975,SampleScene,none,none,
1721138012979,SampleScene,none,none,
1721138012984,SampleScene,none,none,
1721138012988,SampleScene,none,none,
1721138012993,SampleScene,none,none,
1721138012999,SampleScene,none,none,
1721138013003,SampleScene,none,none,
1721138013006,SampleScene,none,none,
1721138013011,SampleScene,none,none,
1721138013016,SampleScene,none,none,
1721138013020,SampleScene,none,none,
1721138013025,SampleScene,none,none,
1721138013030,SampleScene,none,none,
1721138013036,SampleScene,none,none,
1721138013040,SampleScene,none,none,
1721138013044,SampleScene,none,none,
1721138013049,SampleScene,none,none,
1721138013054,SampleScene,none,none,
1721138013059,SampleScene,none,none,
1721138013063,SampleScene,none,none,
1721138013067,SampleScene,none,none,
1721138013072,SampleScene,none,none,
1721138013076,SampleScene,none,none,
1721138013082,SampleScene,none,none,
1721138013090,SampleScene,none,none,
1721138013095,SampleScene,none,none,
1721138013099,SampleScene,none,none,
1721138013104,SampleScene,none,none,
1721138013109,SampleScene,none,none,
1721138013113,SampleScene,none,none,
1721138013118,SampleScene,none,none,
1721138013122,SampleScene,none,none,
1721138013125,SampleScene,none,none,
1721138013130,SampleScene,none,none,
1721138013135,SampleScene,none,none,
1721138013138,SampleScene,none,none,
1721138013142,SampleScene,none,none,
1721138013148,SampleScene,none,none,
1721138013153,SampleScene,none,none,
1721138013156,SampleScene,none,none,
1721138013161,SampleScene,none,none,
1721138013164,SampleScene,none,none,
1721138013169,SampleScene,none,none,
1721138013174,SampleScene,none,none,
1721138013179,SampleScene,none,none,
1721138013184,SampleScene,none,none,
1721138013188,SampleScene,none,none,
1721138013192,SampleScene,none,none,
1721138013196,SampleScene,none,none,
1721138013201,SampleScene,none,none,
1721138013205,SampleScene,none,none,
1721138013210,SampleScene,none,none,
1721138013214,SampleScene,none,none,
1721138013219,SampleScene,none,none,
1721138013223,SampleScene,none,none,
1721138013228,SampleScene,none,none,
1721138013242,SampleScene,none,none,
1721138013248,SampleScene,none,none,
1721138013251,SampleScene,none,none,
1721138013256,SampleScene,none,none,
1721138013260,SampleScene,none,none,
1721138013264,SampleScene,none,none,
1721138013268,SampleScene,none,none,
1721138013273,SampleScene,none,none,
1721138013277,SampleScene,none,none,
1721138013281,SampleScene,none,none,
1721138013286,SampleScene,none,none,
1721138013290,SampleScene,none,none,
1721138013295,SampleScene,none,none,
1721138013299,SampleScene,none,none,
1721138013304,SampleScene,none,none,
1721138013308,SampleScene,none,none,
1721138013311,SampleScene,none,none,
1721138013316,SampleScene,none,none,
1721138013320,SampleScene,none,none,
1721138013324,SampleScene,none,none,
1721138013328,SampleScene,none,none,
1721138013332,SampleScene,none,none,
1721138013337,SampleScene,none,none,
1721138013341,SampleScene,none,none,
1721138013345,SampleScene,none,none,
1721138013349,SampleScene,none,none,
1721138013352,SampleScene,none,none,
1721138013356,SampleScene,none,none,
1721138013365,SampleScene,none,none,
1721138013373,SampleScene,none,none,
1721138013378,SampleScene,none,none,
1721138013384,SampleScene,none,none,
1721138013390,SampleScene,none,none,
1721138013395,SampleScene,none,none,
1721138013399,SampleScene,none,none,
1721138013403,SampleScene,none,none,
1721138013407,SampleScene,none,none,
1721138013412,SampleScene,none,none,
1721138013416,SampleScene,none,none,
1721138013420,SampleScene,none,none,
1721138013423,SampleScene,none,none,
1721138013427,SampleScene,none,none,
1721138013432,SampleScene,none,none,
1721138013435,SampleScene,none,none,
1721138013439,SampleScene,none,none,
1721138013443,SampleScene,none,none,
1721138013447,SampleScene,none,none,
1721138013450,SampleScene,none,none,
1721138013454,SampleScene,none,none,
1721138013458,SampleScene,none,none,
1721138013462,SampleScene,none,none,
1721138013465,SampleScene,none,none,
1721138013469,SampleScene,none,none,
1721138013474,SampleScene,none,none,
1721138013478,SampleScene,none,none,
1721138013482,SampleScene,none,none,
1721138013485,SampleScene,none,none,
1721138013490,SampleScene,none,none,
1721138013495,SampleScene,none,none,
1721138013500,SampleScene,none,none,
1721138013504,SampleScene,none,none,
1721138013509,SampleScene,none,none,
1721138013513,SampleScene,none,none,
1721138013518,SampleScene,none,none,
1721138013521,SampleScene,none,none,
1721138013527,SampleScene,none,none,
1721138013530,SampleScene,none,none,
1721138013535,SampleScene,none,none,
1721138013540,SampleScene,none,none,
1721138013544,SampleScene,none,none,
1721138013549,SampleScene,none,none,
1721138013553,SampleScene,none,none,
1721138013557,SampleScene,none,none,
1721138013561,SampleScene,none,none,
1721138013565,SampleScene,none,none,
1721138013569,SampleScene,none,none,
1721138013574,SampleScene,none,none,
1721138013578,SampleScene,none,none,
1721138013583,SampleScene,none,none,
1721138013588,SampleScene,none,none,
1721138013591,SampleScene,none,none,
1721138013595,SampleScene,none,none,
1721138013600,SampleScene,none,none,
1721138013605,SampleScene,none,none,
1721138013608,SampleScene,none,none,
1721138013613,SampleScene,none,none,
1721138013616,SampleScene,none,none,
1721138013620,SampleScene,none,none,
1721138013625,SampleScene,none,none,
1721138013628,SampleScene,none,none,
1721138013633,SampleScene,none,none,
1721138013638,SampleScene,none,none,
1721138013641,SampleScene,none,none,
1721138013646,SampleScene,none,none,
1721138013650,SampleScene,none,none,
1721138013654,SampleScene,none,none,
1721138013658,SampleScene,none,none,
1721138013662,SampleScene,none,none,
1721138013667,SampleScene,none,none,
1721138013670,SampleScene,none,none,
1721138013674,SampleScene,none,none,
1721138013679,SampleScene,none,none,
1721138013683,SampleScene,none,none,
1721138013688,SampleScene,none,none,
1721138013692,SampleScene,none,none,
1721138013696,SampleScene,none,none,
1721138013699,SampleScene,none,none,
1721138013704,SampleScene,none,none,
1721138013708,SampleScene,none,none,
1721138013711,SampleScene,none,none,
1721138013715,SampleScene,none,none,
1721138013720,SampleScene,none,none,
1721138013724,SampleScene,none,none,
1721138013728,SampleScene,none,none,
1721138013733,SampleScene,none,none,
1721138013737,SampleScene,none,none,
1721138013741,SampleScene,none,none,
1721138013746,SampleScene,none,none,
1721138013750,SampleScene,none,none,
1721138013754,SampleScene,none,none,
1721138013759,SampleScene,none,none,
1721138013762,SampleScene,none,none,
1721138013766,SampleScene,none,none,
1721138013772,SampleScene,none,none,
1721138013776,SampleScene,none,none,
1721138013780,SampleScene,none,none,
1721138013784,SampleScene,none,none,
1721138013789,SampleScene,none,none,
1721138013793,SampleScene,none,none,
1721138013796,SampleScene,none,none,
1721138013802,SampleScene,none,none,
1721138013806,SampleScene,none,none,
1721138013810,SampleScene,none,none,
1721138013815,SampleScene,none,none,
1721138013819,SampleScene,none,none,
1721138013824,SampleScene,none,none,
1721138013829,SampleScene,none,none,
1721138013834,SampleScene,none,none,
1721138013840,SampleScene,none,none,
1721138013845,SampleScene,none,none,
1721138013848,SampleScene,none,none,
1721138013855,SampleScene,none,none,
1721138013861,SampleScene,none,none,
1721138013865,SampleScene,none,none,
1721138013872,SampleScene,none,none,
1721138013878,SampleScene,none,none,
1721138013884,SampleScene,none,none,
1721138013891,SampleScene,none,none,
1721138013900,SampleScene,none,none,
1721138013906,SampleScene,none,none,
1721138013912,SampleScene,none,none,
1721138013917,SampleScene,none,none,
1721138013923,SampleScene,none,none,
1721138013930,SampleScene,none,none,
1721138013934,SampleScene,none,none,
1721138013938,SampleScene,none,none,
1721138013943,SampleScene,none,none,
1721138013947,SampleScene,none,none,
1721138013953,SampleScene,none,none,
1721138013957,SampleScene,none,none,
1721138013962,SampleScene,none,none,
1721138013966,SampleScene,none,none,
1721138013970,SampleScene,none,none,
1721138013975,SampleScene,none,none,
1721138013979,SampleScene,none,none,
1721138013983,SampleScene,none,none,
1721138013987,SampleScene,none,none,
1721138013992,SampleScene,none,none,
1721138013996,SampleScene,none,none,
1721138014002,SampleScene,none,none,
1721138014007,SampleScene,none,none,
1721138014012,SampleScene,none,none,
1721138014016,SampleScene,none,none,
1721138014020,SampleScene,none,none,
1721138014024,SampleScene,none,none,
1721138014029,SampleScene,none,none,
1721138014034,SampleScene,none,none,
1721138014039,SampleScene,none,none,
1721138014043,SampleScene,none,none,
1721138014047,SampleScene,none,none,
1721138014053,SampleScene,none,none,
1721138014059,SampleScene,none,none,
1721138014062,SampleScene,none,none,
1721138014067,SampleScene,none,none,
1721138014072,SampleScene,none,none,
1721138014077,SampleScene,none,none,
1721138014081,SampleScene,none,none,
1721138014086,SampleScene,none,none,
1721138014090,SampleScene,none,none,
1721138014095,SampleScene,none,none,
1721138014099,SampleScene,none,none,
1721138014104,SampleScene,none,none,
1721138014109,SampleScene,none,none,
1721138014113,SampleScene,none,none,
1721138014117,SampleScene,none,none,
1721138014121,SampleScene,none,none,
1721138014125,SampleScene,none,none,
1721138014130,SampleScene,none,none,
1721138014135,SampleScene,none,none,
1721138014140,SampleScene,none,none,
1721138014145,SampleScene,none,none,
1721138014148,SampleScene,none,none,
1721138014153,SampleScene,none,none,
1721138014158,SampleScene,none,none,
1721138014163,SampleScene,none,none,
1721138014167,SampleScene,none,none,
1721138014172,SampleScene,none,none,
1721138014177,SampleScene,none,none,
1721138014180,SampleScene,none,none,
1721138014185,SampleScene,none,none,
1721138014189,SampleScene,none,none,
1721138014194,SampleScene,none,none,
1721138014199,SampleScene,none,none,
1721138014203,SampleScene,none,none,
1721138014207,SampleScene,none,none,
1721138014211,SampleScene,none,none,
1721138014217,SampleScene,none,none,
1721138014222,SampleScene,none,none,
1721138014227,SampleScene,none,none,
1721138014232,SampleScene,none,none,
1721138014237,SampleScene,none,none,
1721138014240,SampleScene,none,none,
1721138014245,SampleScene,none,none,
1721138014251,SampleScene,none,none,
1721138014256,SampleScene,none,none,
1721138014260,SampleScene,none,none,
1721138014265,SampleScene,none,none,
1721138014268,SampleScene,none,none,
1721138014273,SampleScene,none,none,
1721138014277,SampleScene,none,none,
1721138014282,SampleScene,none,none,
1721138014287,SampleScene,none,none,
1721138014292,SampleScene,none,none,
1721138014295,SampleScene,none,none,
1721138014299,SampleScene,none,none,
1721138014304,SampleScene,none,none,
1721138014308,SampleScene,none,none,
1721138014312,SampleScene,none,none,
1721138014316,SampleScene,none,none,
1721138014321,SampleScene,none,none,
1721138014325,SampleScene,none,none,
1721138014328,SampleScene,none,none,
1721138014333,SampleScene,none,none,
1721138014338,SampleScene,none,none,
1721138014341,SampleScene,none,none,
1721138014346,SampleScene,none,none,
1721138014352,SampleScene,none,none,
1721138014356,SampleScene,none,none,
1721138014362,SampleScene,none,none,
1721138014365,SampleScene,none,none,
1721138014370,SampleScene,none,none,
1721138014375,SampleScene,none,none,
1721138014379,SampleScene,none,none,
1721138014384,SampleScene,none,none,
1721138014389,SampleScene,none,none,
1721138014394,SampleScene,none,none,
1721138014398,SampleScene,none,none,
1721138014404,SampleScene,none,none,
1721138014408,SampleScene,none,none,
1721138014413,SampleScene,none,none,
1721138014417,SampleScene,none,none,
1721138014422,SampleScene,none,none,
1721138014427,SampleScene,none,none,
1721138014432,SampleScene,none,none,
1721138014437,SampleScene,none,none,
1721138014440,SampleScene,none,none,
1721138014446,SampleScene,none,none,
1721138014450,SampleScene,none,none,
1721138014454,SampleScene,none,none,
1721138014459,SampleScene,none,none,
1721138014463,SampleScene,none,none,
1721138014468,SampleScene,none,none,
1721138014473,SampleScene,none,none,
1721138014478,SampleScene,none,none,
1721138014484,SampleScene,none,none,
1721138014489,SampleScene,none,none,
1721138014495,SampleScene,none,none,
1721138014498,SampleScene,none,none,
1721138014504,SampleScene,none,none,
1721138014508,SampleScene,none,none,
1721138014514,SampleScene,none,none,
1721138014519,SampleScene,none,none,
1721138014525,SampleScene,none,none,
1721138014529,SampleScene,none,none,
1721138014535,SampleScene,none,none,
1721138014539,SampleScene,none,none,
1721138014544,SampleScene,none,none,
1721138014549,SampleScene,none,none,
1721138014554,SampleScene,none,none,
1721138014558,SampleScene,none,none,
1721138014562,SampleScene,none,none,
1721138014567,SampleScene,none,none,
1721138014572,SampleScene,none,none,
1721138014576,SampleScene,none,none,
1721138014581,SampleScene,none,none,
1721138014585,SampleScene,none,none,
1721138014590,SampleScene,none,none,
1721138014597,SampleScene,none,none,
1721138014602,SampleScene,none,none,
1721138014607,SampleScene,none,none,
1721138014612,SampleScene,none,none,
1721138014616,SampleScene,none,none,
1721138014620,SampleScene,none,none,
1721138014625,SampleScene,none,none,
1721138014629,SampleScene,none,none,
1721138014634,SampleScene,none,none,
1721138014639,SampleScene,none,none,
1721138014643,SampleScene,none,none,
1721138014648,SampleScene,none,none,
1721138014653,SampleScene,none,none,
1721138014656,SampleScene,none,none,
1721138014660,SampleScene,none,none,
1721138014665,SampleScene,none,none,
1721138014670,SampleScene,none,none,
1721138014676,SampleScene,none,none,
1721138014680,SampleScene,none,none,
1721138014685,SampleScene,none,none,
1721138014690,SampleScene,none,none,
1721138014695,SampleScene,none,none,
1721138014700,SampleScene,none,none,
1721138014708,SampleScene,none,none,
1721138014715,SampleScene,none,none,
1721138014723,SampleScene,none,none,
1721138014729,SampleScene,none,none,
1721138014736,SampleScene,none,none,
1721138014743,SampleScene,none,none,
1721138014750,SampleScene,none,none,
1721138014757,SampleScene,none,none,
1721138014763,SampleScene,none,none,
1721138014768,SampleScene,none,none,
1721138014773,SampleScene,none,none,
1721138014778,SampleScene,none,none,
1721138014782,SampleScene,none,none,
1721138014788,SampleScene,none,none,
1721138014793,SampleScene,none,none,
1721138014798,SampleScene,none,none,
1721138014802,SampleScene,none,none,
1721138014806,SampleScene,none,none,
1721138014811,SampleScene,none,none,
1721138014815,SampleScene,none,none,
1721138014820,SampleScene,none,none,
1721138014825,SampleScene,none,none,
1721138014831,SampleScene,none,none,
1721138014835,SampleScene,none,none,
1721138014841,SampleScene,none,none,
1721138014845,SampleScene,none,none,
1721138014850,SampleScene,none,none,
1721138014856,SampleScene,none,none,
1721138014861,SampleScene,none,none,
1721138014866,SampleScene,none,none,
1721138014871,SampleScene,none,none,
1721138014877,SampleScene,none,none,
1721138014882,SampleScene,none,none,
1721138014887,SampleScene,none,none,
1721138014892,SampleScene,none,none,
1721138014896,SampleScene,none,none,
1721138014903,SampleScene,none,none,
1721138014908,SampleScene,none,none,
1721138014912,SampleScene,none,none,
1721138014918,SampleScene,none,none,
1721138014922,SampleScene,none,none,
1721138014928,SampleScene,none,none,
1721138014935,SampleScene,none,none,
1721138014940,SampleScene,none,none,
1721138014945,SampleScene,none,none,
1721138014950,SampleScene,none,none,
1721138014957,SampleScene,none,none,
1721138014962,SampleScene,none,none,
1721138014967,SampleScene,none,none,
1721138014973,SampleScene,none,none,
1721138014978,SampleScene,none,none,
1721138014984,SampleScene,none,none,
1721138014989,SampleScene,none,none,
1721138014994,SampleScene,none,none,
1721138014999,SampleScene,none,none,
1721138015003,SampleScene,none,none,
1721138015008,SampleScene,none,none,
1721138015013,SampleScene,none,none,
1721138015018,SampleScene,none,none,
1721138015023,SampleScene,none,none,
1721138015028,SampleScene,none,none,
1721138015033,SampleScene,none,none,
1721138015038,SampleScene,none,none,
1721138015044,SampleScene,none,none,
1721138015049,SampleScene,none,none,
1721138015053,SampleScene,none,none,
1721138015058,SampleScene,none,none,
1721138015061,SampleScene,none,none,
1721138015066,SampleScene,none,none,
1721138015070,SampleScene,none,none,
1721138015074,SampleScene,none,none,
1721138015078,SampleScene,none,none,
1721138015082,SampleScene,none,none,
1721138015085,SampleScene,none,none,
1721138015090,SampleScene,none,none,
1721138015094,SampleScene,none,none,
1721138015099,SampleScene,none,none,
1721138015103,SampleScene,none,none,
1721138015108,SampleScene,none,none,
1721138015114,SampleScene,none,none,
1721138015118,SampleScene,none,none,
1721138015123,SampleScene,none,none,
1721138015127,SampleScene,none,none,
1721138015133,SampleScene,none,none,
1721138015138,SampleScene,none,none,
1721138015143,SampleScene,none,none,
1721138015148,SampleScene,none,none,
1721138015153,SampleScene,none,none,
1721138015157,SampleScene,none,none,
1721138015161,SampleScene,none,none,
1721138015164,SampleScene,none,none,
1721138015169,SampleScene,none,none,
1721138015174,SampleScene,none,none,
1721138015179,SampleScene,none,none,
1721138015183,SampleScene,none,none,
1721138015187,SampleScene,none,none,
1721138015192,SampleScene,none,none,
1721138015196,SampleScene,none,none,
1721138015201,SampleScene,none,none,
1721138015205,SampleScene,none,none,
1721138015208,SampleScene,none,none,
1721138015212,SampleScene,none,none,
1721138015217,SampleScene,none,none,
1721138015222,SampleScene,none,none,
1721138015225,SampleScene,none,none,
1721138015230,SampleScene,none,none,
1721138015234,SampleScene,none,none,
1721138015237,SampleScene,none,none,
1721138015243,SampleScene,none,none,
1721138015248,SampleScene,none,none,
1721138015253,SampleScene,none,none,
1721138015258,SampleScene,none,none,
1721138015261,SampleScene,none,none,
1721138015266,SampleScene,none,none,
1721138015269,SampleScene,none,none,
1721138015274,SampleScene,none,none,
1721138015278,SampleScene,none,none,
1721138015283,SampleScene,none,none,
1721138015287,SampleScene,none,none,
1721138015291,SampleScene,none,none,
1721138015296,SampleScene,none,none,
1721138015301,SampleScene,none,none,
1721138015306,SampleScene,none,none,
1721138015310,SampleScene,none,none,
1721138015316,SampleScene,none,none,
1721138015321,SampleScene,none,none,
1721138015324,SampleScene,none,none,
1721138015328,SampleScene,none,none,
1721138015332,SampleScene,none,none,
1721138015336,SampleScene,none,none,
1721138015340,SampleScene,none,none,
1721138015345,SampleScene,none,none,
1721138015349,SampleScene,none,none,
1721138015352,SampleScene,none,none,
1721138015357,SampleScene,none,none,
1721138015362,SampleScene,none,none,
1721138015365,SampleScene,none,none,
1721138015369,SampleScene,none,none,
1721138015373,SampleScene,none,none,
1721138015377,SampleScene,none,none,
1721138015381,SampleScene,none,none,
1721138015387,SampleScene,none,none,
1721138015390,SampleScene,none,none,
1721138015394,SampleScene,none,none,
1721138015399,SampleScene,none,none,
1721138015404,SampleScene,none,none,
1721138015407,SampleScene,none,none,
1721138015412,SampleScene,none,none,
1721138015416,SampleScene,none,none,
1721138015419,SampleScene,none,none,
1721138015423,SampleScene,none,none,
1721138015428,SampleScene,none,none,
1721138015433,SampleScene,none,none,
1721138015436,SampleScene,none,none,
1721138015441,SampleScene,none,none,
1721138015444,SampleScene,none,none,
1721138015447,SampleScene,none,none,
1721138015453,SampleScene,none,none,
1721138015457,SampleScene,none,none,
1721138015460,SampleScene,none,none,
1721138015464,SampleScene,none,none,
1721138015469,SampleScene,none,none,
1721138015473,SampleScene,none,none,
1721138015478,SampleScene,none,none,
1721138015482,SampleScene,none,none,
1721138015486,SampleScene,none,none,
1721138015490,SampleScene,none,none,
1721138015494,SampleScene,none,none,
1721138015498,SampleScene,none,none,
1721138015502,SampleScene,none,none,
1721138015507,SampleScene,none,none,
1721138015511,SampleScene,none,none,
1721138015515,SampleScene,none,none,
1721138015520,SampleScene,none,none,
1721138015523,SampleScene,none,none,
1721138015528,SampleScene,none,none,
1721138015532,SampleScene,none,none,
1721138015536,SampleScene,none,none,
1721138015540,SampleScene,none,none,
1721138015543,SampleScene,none,none,
1721138015548,SampleScene,none,none,
1721138015553,SampleScene,none,none,
1721138015557,SampleScene,none,none,
1721138015560,SampleScene,none,none,
1721138015565,SampleScene,none,none,
1721138015569,SampleScene,none,none,
1721138015573,SampleScene,none,none,
1721138015576,SampleScene,none,none,
1721138015580,SampleScene,none,none,
1721138015585,SampleScene,none,none,
1721138015589,SampleScene,none,none,
1721138015593,SampleScene,none,none,
1721138015597,SampleScene,none,none,
1721138015602,SampleScene,none,none,
1721138015605,SampleScene,none,none,
1721138015609,SampleScene,none,none,
1721138015613,SampleScene,none,none,
1721138015617,SampleScene,none,none,
1721138015621,SampleScene,none,none,
1721138015625,SampleScene,none,none,
1721138015628,SampleScene,none,none,
1721138015632,SampleScene,none,none,
1721138015636,SampleScene,none,none,
1721138015640,SampleScene,none,none,
1721138015644,SampleScene,none,none,
1721138015648,SampleScene,none,none,
1721138015653,SampleScene,none,none,
1721138015656,SampleScene,none,none,
1721138015661,SampleScene,none,none,
1721138015665,SampleScene,none,none,
1721138015668,SampleScene,none,none,
1721138015673,SampleScene,none,none,
1721138015677,SampleScene,none,none,
1721138015680,SampleScene,none,none,
1721138015685,SampleScene,none,none,
1721138015688,SampleScene,none,none,
1721138015692,SampleScene,none,none,
1721138015696,SampleScene,none,none,
1721138015700,SampleScene,none,none,
1721138015704,SampleScene,none,none,
1721138015708,SampleScene,none,none,
1721138015713,SampleScene,none,none,
1721138015717,SampleScene,none,none,
1721138015721,SampleScene,none,none,
1721138015725,SampleScene,none,none,
1721138015728,SampleScene,none,none,
1721138015733,SampleScene,none,none,
1721138015736,SampleScene,none,none,
1721138015741,SampleScene,none,none,
1721138015744,SampleScene,none,none,
1721138015748,SampleScene,none,none,
1721138015753,SampleScene,none,none,
1721138015757,SampleScene,none,none,
1721138015762,SampleScene,none,none,
1721138015766,SampleScene,none,none,
1721138015770,SampleScene,none,none,
1721138015775,SampleScene,none,none,
1721138015780,SampleScene,none,none,
1721138015783,SampleScene,none,none,
1721138015787,SampleScene,none,none,
1721138015792,SampleScene,none,none,
1721138015797,SampleScene,none,none,
1721138015800,SampleScene,none,none,
1721138015805,SampleScene,none,none,
1721138015809,SampleScene,none,none,
1721138015812,SampleScene,none,none,
1721138015817,SampleScene,none,none,
1721138015822,SampleScene,none,none,
1721138015826,SampleScene,none,none,
1721138015831,SampleScene,none,none,
1721138015835,SampleScene,none,none,
1721138015840,SampleScene,none,none,
1721138015844,SampleScene,none,none,
1721138015848,SampleScene,none,none,
1721138015853,SampleScene,none,none,
1721138015857,SampleScene,none,none,
1721138015860,SampleScene,none,none,
1721138015865,SampleScene,none,none,
1721138015870,SampleScene,none,none,
1721138015874,SampleScene,none,none,
1721138015878,SampleScene,none,none,
1721138015881,SampleScene,none,none,
1721138015886,SampleScene,none,none,
1721138015890,SampleScene,none,none,
1721138015894,SampleScene,none,none,
1721138015900,SampleScene,none,none,
1721138015904,SampleScene,none,none,
1721138015907,SampleScene,none,none,
1721138015912,SampleScene,none,none,
1721138015917,SampleScene,none,none,
1721138015921,SampleScene,none,none,
1721138015926,SampleScene,none,none,
1721138015930,SampleScene,none,none,
1721138015934,SampleScene,none,none,
1721138015938,SampleScene,none,none,
1721138015942,SampleScene,none,none,
1721138015947,SampleScene,none,none,
1721138015951,SampleScene,none,none,
1721138015956,SampleScene,none,none,
1721138015960,SampleScene,none,none,
1721138015965,SampleScene,none,none,
1721138015969,SampleScene,none,none,
1721138015973,SampleScene,none,none,
1721138015976,SampleScene,none,none,
1721138015981,SampleScene,none,none,
1721138015986,SampleScene,none,none,
1721138015990,SampleScene,none,none,
1721138015995,SampleScene,none,none,
1721138016000,SampleScene,none,none,
1721138016003,SampleScene,none,none,
1721138016007,SampleScene,none,none,
1721138016011,SampleScene,none,none,
1721138016015,SampleScene,none,none,
1721138016020,SampleScene,none,none,
1721138016024,SampleScene,none,none,
1721138016028,SampleScene,none,none,
1721138016033,SampleScene,none,none,
1721138016036,SampleScene,none,none,
1721138016040,SampleScene,none,none,
1721138016045,SampleScene,none,none,
1721138016049,SampleScene,none,none,
1721138016053,SampleScene,none,none,
1721138016058,SampleScene,none,none,
1721138016062,SampleScene,none,none,
1721138016065,SampleScene,none,none,
1721138016070,SampleScene,none,none,
1721138016075,SampleScene,none,none,
1721138016079,SampleScene,none,none,
1721138016084,SampleScene,none,none,
1721138016088,SampleScene,none,none,
1721138016092,SampleScene,none,none,
1721138016097,SampleScene,none,none,
1721138016100,SampleScene,none,none,
1721138016106,SampleScene,none,none,
1721138016110,SampleScene,none,none,
1721138016117,SampleScene,none,none,
1721138016120,SampleScene,none,none,
1721138016125,SampleScene,none,none,
1721138016128,SampleScene,none,none,
1721138016133,SampleScene,none,none,
1721138016137,SampleScene,none,none,
1721138016142,SampleScene,none,none,
1721138016146,SampleScene,none,none,
1721138016149,SampleScene,none,none,
1721138016154,SampleScene,none,none,
1721138016158,SampleScene,none,none,
1721138016161,SampleScene,none,none,
1721138016165,SampleScene,none,none,
1721138016170,SampleScene,none,none,
1721138016174,SampleScene,none,none,
1721138016179,SampleScene,none,none,
1721138016183,SampleScene,none,none,
1721138016187,SampleScene,none,none,
1721138016191,SampleScene,none,none,
1721138016195,SampleScene,none,none,
1721138016199,SampleScene,none,none,
1721138016205,SampleScene,none,none,
1721138016209,SampleScene,none,none,
1721138016213,SampleScene,none,none,
1721138016217,SampleScene,none,none,
1721138016221,SampleScene,none,none,
1721138016226,SampleScene,none,none,
1721138016232,SampleScene,none,none,
1721138016237,SampleScene,none,none,
1721138016243,SampleScene,none,none,
1721138016249,SampleScene,none,none,
1721138016255,SampleScene,none,none,
1721138016260,SampleScene,none,none,
1721138016267,SampleScene,none,none,
1721138016273,SampleScene,none,none,
1721138016279,SampleScene,none,none,
1721138016283,SampleScene,none,none,
1721138016288,SampleScene,none,none,
1721138016292,SampleScene,none,none,
1721138016296,SampleScene,none,none,
1721138016300,SampleScene,none,none,
1721138016304,SampleScene,none,none,
1721138016308,SampleScene,none,none,
1721138016312,SampleScene,none,none,
1721138016316,SampleScene,none,none,
1721138016320,SampleScene,none,none,
1721138016324,SampleScene,none,none,
1721138016329,SampleScene,none,none,
1721138016333,SampleScene,none,none,
1721138016336,SampleScene,none,none,
1721138016341,SampleScene,none,none,
1721138016345,SampleScene,none,none,
1721138016348,SampleScene,none,none,
1721138016353,SampleScene,none,none,
1721138016357,SampleScene,none,none,
1721138016361,SampleScene,none,none,
1721138016365,SampleScene,none,none,
1721138016368,SampleScene,none,none,
1721138016373,SampleScene,none,none,
1721138016376,SampleScene,none,none,
1721138016382,SampleScene,none,none,
1721138016385,SampleScene,none,none,
1721138016389,SampleScene,none,none,
1721138016394,SampleScene,none,none,
1721138016399,SampleScene,none,none,
1721138016402,SampleScene,none,none,
1721138016407,SampleScene,none,none,
1721138016411,SampleScene,none,none,
1721138016415,SampleScene,none,none,
1721138016419,SampleScene,none,none,
1721138016423,SampleScene,none,none,
1721138016427,SampleScene,none,none,
1721138016431,SampleScene,none,none,
1721138016436,SampleScene,none,none,
1721138016440,SampleScene,none,none,
1721138016444,SampleScene,none,none,
1721138016447,SampleScene,none,none,
1721138016453,SampleScene,none,none,
1721138016456,SampleScene,none,none,
1721138016460,SampleScene,none,none,
1721138016463,SampleScene,none,none,
1721138016469,SampleScene,none,none,
1721138016473,SampleScene,none,none,
1721138016477,SampleScene,none,none,
1721138016480,SampleScene,none,none,
1721138016485,SampleScene,none,none,
1721138016489,SampleScene,none,none,
1721138016493,SampleScene,none,none,
1721138016497,SampleScene,none,none,
1721138016502,SampleScene,none,none,
1721138016507,SampleScene,none,none,
1721138016512,SampleScene,none,none,
1721138016515,SampleScene,none,none,
1721138016519,SampleScene,none,none,
1721138016522,SampleScene,none,none,
1721138016527,SampleScene,none,none,
1721138016531,SampleScene,none,none,
1721138016535,SampleScene,none,none,
1721138016540,SampleScene,none,none,
1721138016543,SampleScene,none,none,
1721138016548,SampleScene,none,none,
1721138016553,SampleScene,none,none,
1721138016556,SampleScene,none,none,
1721138016560,SampleScene,none,none,
1721138016565,SampleScene,none,none,
1721138016568,SampleScene,none,none,
1721138016573,SampleScene,none,none,
1721138016578,SampleScene,none,none,
1721138016583,SampleScene,none,none,
1721138016586,SampleScene,none,none,
1721138016591,SampleScene,none,none,
1721138016595,SampleScene,none,none,
1721138016600,SampleScene,none,none,
1721138016604,SampleScene,none,none,
1721138016607,SampleScene,none,none,
1721138016612,SampleScene,none,none,
1721138016616,SampleScene,none,none,
1721138016620,SampleScene,none,none,
1721138016625,SampleScene,none,none,
1721138016629,SampleScene,none,none,
1721138016634,SampleScene,none,none,
1721138016638,SampleScene,none,none,
1721138016643,SampleScene,none,none,
1721138016648,SampleScene,none,none,
1721138016652,SampleScene,none,none,
1721138016657,SampleScene,none,none,
1721138016660,SampleScene,none,none,
1721138016665,SampleScene,none,none,
1721138016669,SampleScene,none,none,
1721138016675,SampleScene,none,none,
1721138016679,SampleScene,none,none,
1721138016683,SampleScene,none,none,
1721138016688,SampleScene,none,none,
1721138016692,SampleScene,none,none,
1721138016696,SampleScene,none,none,
1721138016701,SampleScene,none,none,
1721138016707,SampleScene,none,none,
1721138016711,SampleScene,none,none,
1721138016716,SampleScene,none,none,
1721138016721,SampleScene,none,none,
1721138016726,SampleScene,none,none,
1721138016732,SampleScene,none,none,
1721138016738,SampleScene,none,none,
1721138016742,SampleScene,none,none,
1721138016747,SampleScene,none,none,
1721138016752,SampleScene,none,none,
1721138016757,SampleScene,none,none,
1721138016762,SampleScene,none,none,
1721138016766,SampleScene,none,none,
1721138016772,SampleScene,none,none,
1721138016776,SampleScene,none,none,
1721138016782,SampleScene,none,none,
1721138016786,SampleScene,none,none,
1721138016791,SampleScene,none,none,
1721138016795,SampleScene,none,none,
1721138016799,SampleScene,none,none,
1721138016805,SampleScene,none,none,
1721138016810,SampleScene,none,none,
1721138016815,SampleScene,none,none,
1721138016819,SampleScene,none,none,
1721138016824,SampleScene,none,none,
1721138016829,SampleScene,none,none,
1721138016835,SampleScene,none,none,
1721138016841,SampleScene,none,none,
1721138016845,SampleScene,none,none,
1721138016850,SampleScene,none,none,
1721138016856,SampleScene,none,none,
1721138016861,SampleScene,none,none,
1721138016867,SampleScene,none,none,
1721138016873,SampleScene,none,none,
1721138016877,SampleScene,none,none,
1721138016883,SampleScene,none,none,
1721138016890,SampleScene,none,none,
1721138016895,SampleScene,none,none,
1721138016900,SampleScene,none,none,
1721138016909,SampleScene,none,none,
1721138016916,SampleScene,none,none,
1721138016922,SampleScene,none,none,
1721138016934,SampleScene,none,none,
1721138016941,SampleScene,none,none,
1721138016947,SampleScene,none,none,
1721138016952,SampleScene,none,none,
1721138016959,SampleScene,none,none,
1721138016966,SampleScene,none,none,
1721138016970,SampleScene,none,none,
1721138016975,SampleScene,none,none,
1721138016980,SampleScene,none,none,
1721138016986,SampleScene,none,none,
1721138016992,SampleScene,none,none,
1721138016998,SampleScene,none,none,
1721138017005,SampleScene,none,none,
1721138017010,SampleScene,none,none,
1721138017015,SampleScene,none,none,
1721138017020,SampleScene,none,none,
1721138017025,SampleScene,none,none,
1721138017029,SampleScene,none,none,
1721138017034,SampleScene,none,none,
1721138017038,SampleScene,none,none,
1721138017042,SampleScene,none,none,
1721138017047,SampleScene,none,none,
1721138017051,SampleScene,none,none,
1721138017055,SampleScene,none,none,
1721138017059,SampleScene,none,none,
1721138017064,SampleScene,none,none,
1721138017069,SampleScene,none,none,
1721138017073,SampleScene,none,none,
1721138017079,SampleScene,none,none,
1721138017084,SampleScene,none,none,
1721138017089,SampleScene,none,none,
1721138017093,SampleScene,none,none,
1721138017098,SampleScene,none,none,
1721138017102,SampleScene,none,none,
1721138017107,SampleScene,none,none,
1721138017112,SampleScene,none,none,
1721138017116,SampleScene,none,none,
1721138017121,SampleScene,none,none,
1721138017125,SampleScene,none,none,
1721138017130,SampleScene,none,none,
1721138017135,SampleScene,none,none,
1721138017141,SampleScene,none,none,
1721138017145,SampleScene,none,none,
1721138017148,SampleScene,none,none,
1721138017153,SampleScene,none,none,
1721138017158,SampleScene,none,none,
1721138017162,SampleScene,none,none,
1721138017166,SampleScene,none,none,
1721138017170,SampleScene,none,none,
1721138017174,SampleScene,none,none,
1721138017178,SampleScene,none,none,
1721138017182,SampleScene,none,none,
1721138017187,SampleScene,none,none,
1721138017191,SampleScene,none,none,
1721138017195,SampleScene,none,none,
1721138017200,SampleScene,none,none,
1721138017204,SampleScene,none,none,
1721138017208,SampleScene,none,none,
1721138017212,SampleScene,none,none,
1721138017216,SampleScene,none,none,
1721138017222,SampleScene,none,none,
1721138017226,SampleScene,none,none,
1721138017231,SampleScene,none,none,
1721138017235,SampleScene,none,none,
1721138017239,SampleScene,none,none,
1721138017244,SampleScene,none,none,
1721138017248,SampleScene,none,none,
1721138017253,SampleScene,none,none,
1721138017257,SampleScene,none,none,
1721138017261,SampleScene,none,none,
1721138017266,SampleScene,none,none,
1721138017270,SampleScene,none,none,
1721138017275,SampleScene,none,none,
1721138017281,SampleScene,none,none,
1721138017286,SampleScene,none,none,
1721138017290,SampleScene,none,none,
1721138017295,SampleScene,none,none,
1721138017300,SampleScene,none,none,
1721138017303,SampleScene,none,none,
1721138017307,SampleScene,none,none,
1721138017312,SampleScene,none,none,
1721138017317,SampleScene,none,none,
1721138017321,SampleScene,none,none,
1721138017327,SampleScene,none,none,
1721138017332,SampleScene,none,none,
1721138017336,SampleScene,none,none,
1721138017341,SampleScene,none,none,
1721138017346,SampleScene,none,none,
1721138017350,SampleScene,none,none,
1721138017356,SampleScene,none,none,
1721138017360,SampleScene,none,none,
1721138017363,SampleScene,none,none,
1721138017368,SampleScene,none,none,
1721138017372,SampleScene,none,none,
1721138017375,SampleScene,none,none,
1721138017380,SampleScene,none,none,
1721138017384,SampleScene,none,none,
1721138017389,SampleScene,none,none,
1721138017395,SampleScene,none,none,
1721138017399,SampleScene,none,none,
1721138017404,SampleScene,none,none,
1721138017409,SampleScene,none,none,
1721138017412,SampleScene,none,none,
1721138017417,SampleScene,none,none,
1721138017423,SampleScene,none,none,
1721138017426,SampleScene,none,none,
1721138017430,SampleScene,none,none,
1721138017436,SampleScene,none,none,
1721138017440,SampleScene,none,none,
1721138017444,SampleScene,none,none,
1721138017449,SampleScene,none,none,
1721138017453,SampleScene,none,none,
1721138017458,SampleScene,none,none,
1721138017462,SampleScene,none,none,
1721138017467,SampleScene,none,none,
1721138017470,SampleScene,none,none,
1721138017475,SampleScene,none,none,
1721138017479,SampleScene,none,none,
1721138017483,SampleScene,none,none,
1721138017487,SampleScene,none,none,
1721138017492,SampleScene,none,none,
1721138017496,SampleScene,none,none,
1721138017501,SampleScene,none,none,
1721138017505,SampleScene,none,none,
1721138017509,SampleScene,none,none,
1721138017513,SampleScene,none,none,
1721138017518,SampleScene,none,none,
1721138017524,SampleScene,none,none,
1721138017529,SampleScene,none,none,
1721138017533,SampleScene,none,none,
1721138017538,SampleScene,none,none,
1721138017543,SampleScene,none,none,
1721138017547,SampleScene,none,none,
1721138017553,SampleScene,none,none,
1721138017559,SampleScene,none,none,
1721138017563,SampleScene,none,none,
1721138017566,SampleScene,none,none,
1721138017571,SampleScene,none,none,
1721138017575,SampleScene,none,none,
1721138017582,SampleScene,none,none,
1721138017586,SampleScene,none,none,
1721138017591,SampleScene,none,none,
1721138017597,SampleScene,none,none,
1721138017601,SampleScene,none,none,
1721138017605,SampleScene,none,none,
1721138017611,SampleScene,none,none,
1721138017615,SampleScene,none,none,
1721138017619,SampleScene,none,none,
1721138017624,SampleScene,none,none,
1721138017629,SampleScene,none,none,
1721138017634,SampleScene,none,none,
1721138017638,SampleScene,none,none,
1721138017643,SampleScene,none,none,
1721138017648,SampleScene,none,none,
1721138017653,SampleScene,none,none,
1721138017657,SampleScene,none,none,
1721138017661,SampleScene,none,none,
1721138017665,SampleScene,none,none,
1721138017670,SampleScene,none,none,
1721138017675,SampleScene,none,none,
1721138017679,SampleScene,none,none,
1721138017684,SampleScene,none,none,
1721138017688,SampleScene,none,none,
1721138017693,SampleScene,none,none,
1721138017698,SampleScene,none,none,
1721138017703,SampleScene,none,none,
1721138017707,SampleScene,none,none,
1721138017713,SampleScene,none,none,
1721138017720,SampleScene,none,none,
1721138017724,SampleScene,none,none,
1721138017729,SampleScene,none,none,
1721138017734,SampleScene,none,none,
1721138017739,SampleScene,none,none,
1721138017744,SampleScene,none,none,
1721138017750,SampleScene,none,none,
1721138017755,SampleScene,none,none,
1721138017760,SampleScene,none,none,
1721138017765,SampleScene,none,none,
1721138017770,SampleScene,none,none,
1721138017775,SampleScene,none,none,
1721138017780,SampleScene,none,none,
1721138017785,SampleScene,none,none,
1721138017790,SampleScene,none,none,
1721138017795,SampleScene,none,none,
1721138017798,SampleScene,none,none,
1721138017804,SampleScene,none,none,
1721138017808,SampleScene,none,none,
1721138017816,SampleScene,none,none,
1721138017821,SampleScene,none,none,
1721138017828,SampleScene,none,none,
1721138017833,SampleScene,none,none,
1721138017838,SampleScene,none,none,
1721138017844,SampleScene,none,none,
1721138017848,SampleScene,none,none,
1721138017853,SampleScene,none,none,
1721138017859,SampleScene,none,none,
1721138017867,SampleScene,none,none,
1721138017872,SampleScene,none,none,
1721138017877,SampleScene,none,none,
1721138017883,SampleScene,none,none,
1721138017888,SampleScene,none,none,
1721138017893,SampleScene,none,none,
1721138017897,SampleScene,none,none,
1721138017902,SampleScene,none,none,
1721138017906,SampleScene,none,none,
1721138017909,SampleScene,none,none,
1721138017916,SampleScene,none,none,
1721138017922,SampleScene,none,none,
1721138017926,SampleScene,none,none,
1721138017933,SampleScene,none,none,
1721138017937,SampleScene,none,none,
1721138017941,SampleScene,none,none,
1721138017946,SampleScene,none,none,
1721138017951,SampleScene,none,none,
1721138017960,SampleScene,none,none,
1721138017966,SampleScene,none,none,
1721138017969,SampleScene,none,none,
1721138017974,SampleScene,none,none,
1721138017978,SampleScene,none,none,
1721138017982,SampleScene,none,none,
1721138017988,SampleScene,none,none,
1721138017992,SampleScene,none,none,
1721138017996,SampleScene,none,none,
1721138018001,SampleScene,none,none,
1721138018005,SampleScene,none,none,
1721138018010,SampleScene,none,none,
1721138018015,SampleScene,none,none,
1721138018018,SampleScene,none,none,
1721138018023,SampleScene,none,none,
1721138018027,SampleScene,none,none,
1721138018033,SampleScene,none,none,
1721138018039,SampleScene,none,none,
1721138018045,SampleScene,none,none,
1721138018048,SampleScene,none,none,
1721138018055,SampleScene,none,none,
1721138018060,SampleScene,none,none,
1721138018065,SampleScene,none,none,
1721138018070,SampleScene,none,none,
1721138018075,SampleScene,none,none,
1721138018080,SampleScene,none,none,
1721138018086,SampleScene,none,none,
1721138018091,SampleScene,none,none,
1721138018097,SampleScene,none,none,
1721138018104,SampleScene,none,none,
1721138018111,SampleScene,none,none,
1721138018123,SampleScene,none,none,
1721138018129,SampleScene,none,none,
1721138018136,SampleScene,none,none,
1721138018143,SampleScene,none,none,
1721138018150,SampleScene,none,none,
1721138018158,SampleScene,none,none,
1721138018165,SampleScene,none,none,
1721138018174,SampleScene,none,none,
1721138018181,SampleScene,none,none,
1721138018188,SampleScene,none,none,
1721138018193,SampleScene,none,none,
1721138018198,SampleScene,none,none,
1721138018202,SampleScene,none,none,
1721138018207,SampleScene,none,none,
1721138018211,SampleScene,none,none,
1721138018216,SampleScene,none,none,
1721138018222,SampleScene,none,none,
1721138018227,SampleScene,none,none,
1721138018232,SampleScene,none,none,
1721138018237,SampleScene,none,none,
1721138018242,SampleScene,none,none,
1721138018248,SampleScene,none,none,
1721138018253,SampleScene,none,none,
1721138018259,SampleScene,none,none,
1721138018265,SampleScene,none,none,
1721138018270,SampleScene,none,none,
1721138018274,SampleScene,none,none,
1721138018280,SampleScene,none,none,
1721138018285,SampleScene,none,none,
1721138018289,SampleScene,none,none,
1721138018294,SampleScene,none,none,
1721138018298,SampleScene,none,none,
1721138018302,SampleScene,none,none,
1721138018306,SampleScene,none,none,
1721138018310,SampleScene,none,none,
1721138018314,SampleScene,none,none,
1721138018319,SampleScene,none,none,
1721138018322,SampleScene,none,none,
1721138018326,SampleScene,none,none,
1721138018330,SampleScene,none,none,
1721138018335,SampleScene,none,none,
1721138018339,SampleScene,none,none,
1721138018343,SampleScene,none,none,
1721138018347,SampleScene,none,none,
1721138018350,SampleScene,none,none,
1721138018355,SampleScene,none,none,
1721138018359,SampleScene,none,none,
1721138018363,SampleScene,none,none,
1721138018366,SampleScene,none,none,
1721138018370,SampleScene,none,none,
1721138018374,SampleScene,none,none,
1721138018379,SampleScene,none,none,
1721138018383,SampleScene,none,none,
1721138018386,SampleScene,none,none,
1721138018390,SampleScene,none,none,
1721138018393,SampleScene,none,none,
1721138018398,SampleScene,none,none,
1721138018402,SampleScene,none,none,
1721138018406,SampleScene,none,none,
1721138018410,SampleScene,none,none,
1721138018415,SampleScene,none,none,
1721138018418,SampleScene,none,none,
1721138018423,SampleScene,none,none,
1721138018428,SampleScene,none,none,
1721138018432,SampleScene,none,none,
1721138018435,SampleScene,none,none,
1721138018440,SampleScene,none,none,
1721138018444,SampleScene,none,none,
1721138018448,SampleScene,none,none,
1721138018452,SampleScene,none,none,
1721138018457,SampleScene,none,none,
1721138018461,SampleScene,none,none,
1721138018465,SampleScene,none,none,
1721138018469,SampleScene,none,none,
1721138018473,SampleScene,none,none,
1721138018477,SampleScene,none,none,
1721138018482,SampleScene,none,none,
1721138018485,SampleScene,none,none,
1721138018490,SampleScene,none,none,
1721138018494,SampleScene,none,none,
1721138018499,SampleScene,none,none,
1721138018503,SampleScene,none,none,
1721138018507,SampleScene,none,none,
1721138018511,SampleScene,none,none,
1721138018516,SampleScene,none,none,
1721138018520,SampleScene,none,none,
1721138018524,SampleScene,none,none,
1721138018529,SampleScene,none,none,
1721138018533,SampleScene,none,none,
1721138018537,SampleScene,none,none,
1721138018541,SampleScene,none,none,
1721138018545,SampleScene,none,none,
1721138018548,SampleScene,none,none,
1721138018553,SampleScene,none,none,
1721138018557,SampleScene,none,none,
1721138018561,SampleScene,none,none,
1721138018565,SampleScene,none,none,
1721138018570,SampleScene,none,none,
1721138018574,SampleScene,none,none,
1721138018579,SampleScene,none,none,
1721138018583,SampleScene,none,none,
1721138018587,SampleScene,none,none,
1721138018593,SampleScene,none,none,
1721138018596,SampleScene,none,none,
1721138018600,SampleScene,none,none,
1721138018605,SampleScene,none,none,
1721138018610,SampleScene,none,none,
1721138018614,SampleScene,none,none,
1721138018617,SampleScene,none,none,
1721138018622,SampleScene,none,none,
1721138018627,SampleScene,none,none,
1721138018632,SampleScene,none,none,
1721138018635,SampleScene,none,none,
1721138018639,SampleScene,none,none,
1721138018644,SampleScene,none,none,
1721138018648,SampleScene,none,none,
1721138018653,SampleScene,none,none,
1721138018656,SampleScene,none,none,
1721138018660,SampleScene,none,none,
1721138018665,SampleScene,none,none,
1721138018671,SampleScene,none,none,
1721138018675,SampleScene,none,none,
1721138018679,SampleScene,none,none,
1721138018685,SampleScene,none,none,
1721138018689,SampleScene,none,none,
1721138018693,SampleScene,none,none,
1721138018699,SampleScene,none,none,
1721138018702,SampleScene,none,none,
1721138018707,SampleScene,none,none,
1721138018711,SampleScene,none,none,
1721138018715,SampleScene,none,none,
1721138018720,SampleScene,none,none,
1721138018724,SampleScene,none,none,
1721138018727,SampleScene,none,none,
1721138018732,SampleScene,none,none,
1721138018737,SampleScene,none,none,
1721138018740,SampleScene,none,none,
1721138018745,SampleScene,none,none,
1721138018750,SampleScene,none,none,
1721138018754,SampleScene,none,none,
1721138018758,SampleScene,none,none,
1721138018762,SampleScene,none,none,
1721138018766,SampleScene,none,none,
1721138018769,SampleScene,none,none,
1721138018774,SampleScene,none,none,
1721138018780,SampleScene,none,none,
1721138018784,SampleScene,none,none,
1721138018789,SampleScene,none,none,
1721138018793,SampleScene,none,none,
1721138018798,SampleScene,none,none,
1721138018802,SampleScene,none,none,
1721138018806,SampleScene,none,none,
1721138018811,SampleScene,none,none,
1721138018815,SampleScene,none,none,
1721138018820,SampleScene,none,none,
1721138018825,SampleScene,none,none,
1721138018830,SampleScene,none,none,
1721138018834,SampleScene,none,none,
1721138018838,SampleScene,none,none,
1721138018843,SampleScene,none,none,
1721138018848,SampleScene,none,none,
1721138018851,SampleScene,none,none,
1721138018856,SampleScene,none,none,
1721138018860,SampleScene,none,none,
1721138018864,SampleScene,none,none,
1721138018868,SampleScene,none,none,
1721138018873,SampleScene,none,none,
1721138018877,SampleScene,none,none,
1721138018880,SampleScene,none,none,
1721138018885,SampleScene,none,none,
1721138018889,SampleScene,none,none,
1721138018894,SampleScene,none,none,
1721138018898,SampleScene,none,none,
1721138018902,SampleScene,none,none,
1721138018906,SampleScene,none,none,
1721138018910,SampleScene,none,none,
1721138018913,SampleScene,none,none,
1721138018918,SampleScene,none,none,
1721138018923,SampleScene,none,none,
1721138018926,SampleScene,none,none,
1721138018931,SampleScene,none,none,
1721138018935,SampleScene,none,none,
1721138018940,SampleScene,none,none,
1721138018944,SampleScene,none,none,
1721138018947,SampleScene,none,none,
1721138018951,SampleScene,none,none,
1721138018956,SampleScene,none,none,
1721138018960,SampleScene,none,none,
1721138018964,SampleScene,none,none,
1721138018968,SampleScene,none,none,
1721138018973,SampleScene,none,none,
1721138018976,SampleScene,none,none,
1721138018981,SampleScene,none,none,
1721138018985,SampleScene,none,none,
1721138018988,SampleScene,none,none,
1721138018993,SampleScene,none,none,
1721138018997,SampleScene,none,none,
1721138019001,SampleScene,none,none,
1721138019005,SampleScene,none,none,
1721138019009,SampleScene,none,none,
1721138019012,SampleScene,none,none,
1721138019017,SampleScene,none,none,
1721138019020,SampleScene,none,none,
1721138019025,SampleScene,none,none,
1721138019030,SampleScene,none,none,
1721138019033,SampleScene,none,none,
1721138019038,SampleScene,none,none,
1721138019042,SampleScene,none,none,
1721138019046,SampleScene,none,none,
1721138019050,SampleScene,none,none,
1721138019054,SampleScene,none,none,
1721138019058,SampleScene,none,none,
1721138019062,SampleScene,none,none,
1721138019066,SampleScene,none,none,
1721138019072,SampleScene,none,none,
1721138019076,SampleScene,none,none,
1721138019080,SampleScene,none,none,
1721138019084,SampleScene,none,none,
1721138019089,SampleScene,none,none,
1721138019093,SampleScene,none,none,
1721138019098,SampleScene,none,none,
1721138019102,SampleScene,none,none,
1721138019106,SampleScene,none,none,
1721138019110,SampleScene,none,none,
1721138019114,SampleScene,none,none,
1721138019119,SampleScene,none,none,
1721138019123,SampleScene,none,none,
1721138019126,SampleScene,none,none,
1721138019130,SampleScene,none,none,
1721138019135,SampleScene,none,none,
1721138019139,SampleScene,none,none,
1721138019143,SampleScene,none,none,
1721138019147,SampleScene,none,none,
1721138019152,SampleScene,none,none,
1721138019155,SampleScene,none,none,
1721138019160,SampleScene,none,none,
1721138019164,SampleScene,none,none,
1721138019168,SampleScene,none,none,
1721138019172,SampleScene,none,none,
1721138019176,SampleScene,none,none,
1721138019180,SampleScene,none,none,
1721138019185,SampleScene,none,none,
1721138019188,SampleScene,none,none,
1721138019193,SampleScene,none,none,
1721138019197,SampleScene,none,none,
1721138019201,SampleScene,none,none,
1721138019205,SampleScene,none,none,
1721138019209,SampleScene,none,none,
1721138019214,SampleScene,none,none,
1721138019217,SampleScene,none,none,
1721138019221,SampleScene,none,none,
1721138019226,SampleScene,none,none,
1721138019230,SampleScene,none,none,
1721138019234,SampleScene,none,none,
1721138019239,SampleScene,none,none,
1721138019244,SampleScene,none,none,
1721138019248,SampleScene,none,none,
1721138019252,SampleScene,none,none,
1721138019256,SampleScene,none,none,
1721138019260,SampleScene,none,none,
1721138019263,SampleScene,none,none,
1721138019267,SampleScene,none,none,
1721138019272,SampleScene,none,none,
1721138019276,SampleScene,none,none,
1721138019280,SampleScene,none,none,
1721138019285,SampleScene,none,none,
1721138019289,SampleScene,none,none,
1721138019294,SampleScene,none,none,
1721138019298,SampleScene,none,none,
1721138019301,SampleScene,none,none,
1721138019306,SampleScene,none,none,
1721138019310,SampleScene,none,none,
1721138019314,SampleScene,none,none,
1721138019318,SampleScene,none,none,
1721138019323,SampleScene,none,none,
1721138019327,SampleScene,none,none,
1721138019332,SampleScene,none,none,
1721138019335,SampleScene,none,none,
1721138019340,SampleScene,none,none,
1721138019344,SampleScene,none,none,
1721138019349,SampleScene,none,none,
1721138019353,SampleScene,none,none,
1721138019358,SampleScene,none,none,
1721138019362,SampleScene,none,none,
1721138019366,SampleScene,none,none,
1721138019370,SampleScene,none,none,
1721138019374,SampleScene,none,none,
1721138019378,SampleScene,none,none,
1721138019383,SampleScene,none,none,
1721138019387,SampleScene,none,none,
1721138019391,SampleScene,none,none,
1721138019395,SampleScene,none,none,
1721138019400,SampleScene,none,none,
1721138019403,SampleScene,none,none,
1721138019407,SampleScene,none,none,
1721138019411,SampleScene,none,none,
1721138019416,SampleScene,none,none,
1721138019420,SampleScene,none,none,
1721138019424,SampleScene,none,none,
1721138019429,SampleScene,none,none,
1721138019432,SampleScene,none,none,
1721138019438,SampleScene,none,none,
1721138019441,SampleScene,none,none,
1721138019446,SampleScene,none,none,
1721138019451,SampleScene,none,none,
1721138019455,SampleScene,none,none,
1721138019459,SampleScene,none,none,
1721138019464,SampleScene,none,none,
1721138019467,SampleScene,none,none,
1721138019472,SampleScene,none,none,
1721138019476,SampleScene,none,none,
1721138019480,SampleScene,none,none,
1721138019483,SampleScene,none,none,
1721138019487,SampleScene,none,none,
1721138019491,SampleScene,none,none,
1721138019495,SampleScene,none,none,
1721138019499,SampleScene,none,none,
1721138019504,SampleScene,none,none,
1721138019508,SampleScene,none,none,
1721138019513,SampleScene,none,none,
1721138019517,SampleScene,none,none,
1721138019520,SampleScene,none,none,
1721138019525,SampleScene,none,none,
1721138019530,SampleScene,none,none,
1721138019535,SampleScene,none,none,
1721138019539,SampleScene,none,none,
1721138019544,SampleScene,none,none,
1721138019550,SampleScene,none,none,
1721138019554,SampleScene,none,none,
1721138019559,SampleScene,none,none,
1721138019563,SampleScene,none,none,
1721138019567,SampleScene,none,none,
1721138019572,SampleScene,none,none,
1721138019577,SampleScene,none,none,
1721138019583,SampleScene,none,none,
1721138019588,SampleScene,none,none,
1721138019592,SampleScene,none,none,
1721138019597,SampleScene,none,none,
1721138019601,SampleScene,none,none,
1721138019606,SampleScene,none,none,
1721138019611,SampleScene,none,none,
1721138019616,SampleScene,none,none,
1721138019621,SampleScene,none,none,
1721138019627,SampleScene,none,none,
1721138019632,SampleScene,none,none,
1721138019636,SampleScene,none,none,
1721138019642,SampleScene,none,none,
1721138019647,SampleScene,none,none,
1721138019651,SampleScene,none,none,
1721138019656,SampleScene,none,none,
1721138019661,SampleScene,none,none,
1721138019669,SampleScene,none,none,
1721138019674,SampleScene,none,none,
1721138019678,SampleScene,none,none,
1721138019683,SampleScene,none,none,
1721138019689,SampleScene,none,none,
1721138019694,SampleScene,none,none,
1721138019699,SampleScene,none,none,
1721138019703,SampleScene,none,none,
1721138019708,SampleScene,none,none,
1721138019714,SampleScene,none,none,
1721138019719,SampleScene,none,none,
1721138019723,SampleScene,none,none,
1721138019729,SampleScene,none,none,
1721138019734,SampleScene,none,none,
1721138019740,SampleScene,none,none,
1721138019745,SampleScene,none,none,
1721138019750,SampleScene,none,none,
1721138019757,SampleScene,none,none,
1721138019764,SampleScene,none,none,
1721138019769,SampleScene,none,none,
1721138019774,SampleScene,none,none,
1721138019778,SampleScene,none,none,
1721138019783,SampleScene,none,none,
1721138019788,SampleScene,none,none,
1721138019792,SampleScene,none,none,
1721138019797,SampleScene,none,none,
1721138019803,SampleScene,none,none,
1721138019807,SampleScene,none,none,
1721138019811,SampleScene,none,none,
1721138019816,SampleScene,none,none,
1721138019820,SampleScene,none,none,
1721138019825,SampleScene,none,none,
1721138019831,SampleScene,none,none,
1721138019835,SampleScene,none,none,
1721138019840,SampleScene,none,none,
1721138019844,SampleScene,none,none,
1721138019848,SampleScene,none,none,
1721138019854,SampleScene,none,none,
1721138019858,SampleScene,none,none,
1721138019862,SampleScene,none,none,
1721138019866,SampleScene,none,none,
1721138019871,SampleScene,none,none,
1721138019875,SampleScene,none,none,
1721138019878,SampleScene,none,none,
1721138019883,SampleScene,none,none,
1721138019888,SampleScene,none,none,
1721138019893,SampleScene,none,none,
1721138019897,SampleScene,none,none,
1721138019901,SampleScene,none,none,
1721138019905,SampleScene,none,none,
1721138019910,SampleScene,none,none,
1721138019915,SampleScene,none,none,
1721138019920,SampleScene,none,none,
1721138019925,SampleScene,none,none,
1721138019928,SampleScene,none,none,
1721138019933,SampleScene,none,none,
1721138019938,SampleScene,none,none,
1721138019942,SampleScene,none,none,
1721138019946,SampleScene,none,none,
1721138019951,SampleScene,none,none,
1721138019958,SampleScene,none,none,
1721138019962,SampleScene,none,none,
1721138019966,SampleScene,none,none,
1721138019970,SampleScene,none,none,
1721138019975,SampleScene,none,none,
1721138019979,SampleScene,none,none,
1721138019984,SampleScene,none,none,
1721138019988,SampleScene,none,none,
1721138019993,SampleScene,none,none,
1721138019997,SampleScene,none,none,
1721138020000,SampleScene,none,none,
1721138020006,SampleScene,none,none,
1721138020010,SampleScene,none,none,
1721138020015,SampleScene,none,none,
1721138020020,SampleScene,none,none,
1721138020025,SampleScene,none,none,
1721138020028,SampleScene,none,none,
1721138020033,SampleScene,none,none,
1721138020038,SampleScene,none,none,
1721138020042,SampleScene,none,none,
1721138020047,SampleScene,none,none,
1721138020052,SampleScene,none,none,
1721138020057,SampleScene,none,none,
1721138020061,SampleScene,none,none,
1721138020066,SampleScene,none,none,
1721138020070,SampleScene,none,none,
1721138020074,SampleScene,none,none,
1721138020079,SampleScene,none,none,
1721138020084,SampleScene,none,none,
1721138020088,SampleScene,none,none,
1721138020092,SampleScene,none,none,
1721138020098,SampleScene,none,none,
1721138020103,SampleScene,none,none,
1721138020108,SampleScene,none,none,
1721138020113,SampleScene,none,none,
1721138020118,SampleScene,none,none,
1721138020124,SampleScene,none,none,
1721138020132,SampleScene,none,none,
1721138020138,SampleScene,none,none,
1721138020145,SampleScene,none,none,
1721138020155,SampleScene,none,none,
1721138020160,SampleScene,none,none,
1721138020166,SampleScene,none,none,
1721138020171,SampleScene,none,none,
1721138020178,SampleScene,none,none,
1721138020183,SampleScene,none,none,
1721138020189,SampleScene,none,none,
1721138020196,SampleScene,none,none,
1721138020201,SampleScene,none,none,
1721138020208,SampleScene,none,none,
1721138020213,SampleScene,none,none,
1721138020221,SampleScene,none,none,
1721138020228,SampleScene,none,none,
1721138020236,SampleScene,none,none,
1721138020245,SampleScene,none,none,
1721138020254,SampleScene,none,none,
1721138020261,SampleScene,none,none,
1721138020266,SampleScene,none,none,
1721138020276,SampleScene,none,none,
1721138020283,SampleScene,none,none,
1721138020287,SampleScene,none,none,
1721138020294,SampleScene,none,none,
1721138020298,SampleScene,none,none,
1721138020305,SampleScene,none,none,
1721138020312,SampleScene,none,none,
1721138020318,SampleScene,none,none,
1721138020323,SampleScene,none,none,
1721138020329,SampleScene,none,none,
1721138020336,SampleScene,none,none,
1721138020341,SampleScene,none,none,
1721138020346,SampleScene,none,none,
1721138020352,SampleScene,none,none,
1721138020356,SampleScene,none,none,
1721138020361,SampleScene,none,none,
1721138020366,SampleScene,none,none,
1721138020369,SampleScene,none,none,
1721138020374,SampleScene,none,none,
1721138020379,SampleScene,none,none,
1721138020383,SampleScene,none,none,
1721138020388,SampleScene,none,none,
1721138020394,SampleScene,none,none,
1721138020399,SampleScene,none,none,
1721138020405,SampleScene,none,none,
1721138020409,SampleScene,none,none,
1721138020415,SampleScene,none,none,
1721138020420,SampleScene,none,none,
1721138020426,SampleScene,none,none,
1721138020431,SampleScene,none,none,
1721138020437,SampleScene,none,none,
1721138020443,SampleScene,none,none,
1721138020447,SampleScene,none,none,
1721138020452,SampleScene,none,none,
1721138020457,SampleScene,none,none,
1721138020461,SampleScene,none,none,
1721138020465,SampleScene,none,none,
1721138020468,SampleScene,none,none,
1721138020473,SampleScene,none,none,
1721138020480,SampleScene,none,none,
1721138020484,SampleScene,none,none,
1721138020488,SampleScene,none,none,
1721138020492,SampleScene,none,none,
1721138020496,SampleScene,none,none,
1721138020500,SampleScene,none,none,
1721138020505,SampleScene,none,none,
1721138020507,SampleScene,none,none,
1721138020511,SampleScene,none,none,
1721138020516,SampleScene,none,none,
1721138020520,SampleScene,none,none,
1721138020524,SampleScene,none,none,
1721138020528,SampleScene,none,none,
1721138020533,SampleScene,none,none,
1721138020537,SampleScene,none,none,
1721138020541,SampleScene,none,none,
1721138020546,SampleScene,none,none,
1721138020550,SampleScene,none,none,
1721138020556,SampleScene,none,none,
1721138020560,SampleScene,none,none,
1721138020564,SampleScene,none,none,
1721138020569,SampleScene,none,none,
1721138020573,SampleScene,none,none,
1721138020577,SampleScene,none,none,
1721138020581,SampleScene,none,none,
1721138020587,SampleScene,none,none,
1721138020591,SampleScene,none,none,
1721138020596,SampleScene,none,none,
1721138020600,SampleScene,none,none,
1721138020604,SampleScene,none,none,
1721138020609,SampleScene,none,none,
1721138020612,SampleScene,none,none,
1721138020617,SampleScene,none,none,
1721138020621,SampleScene,none,none,
1721138020625,SampleScene,none,none,
1721138020631,SampleScene,none,none,
1721138020636,SampleScene,none,none,
1721138020641,SampleScene,none,none,
1721138020646,SampleScene,none,none,
1721138020650,SampleScene,none,none,
1721138020655,SampleScene,none,none,
1721138020659,SampleScene,none,none,
1721138020665,SampleScene,none,none,
1721138020670,SampleScene,none,none,
1721138020676,SampleScene,none,none,
1721138020680,SampleScene,none,none,
1721138020685,SampleScene,none,none,
1721138020689,SampleScene,none,none,
1721138020695,SampleScene,none,none,
1721138020700,SampleScene,none,none,
1721138020705,SampleScene,none,none,
1721138020708,SampleScene,none,none,
1721138020713,SampleScene,none,none,
1721138020718,SampleScene,none,none,
1721138020721,SampleScene,none,none,
1721138020725,SampleScene,none,none,
1721138020731,SampleScene,none,none,
1721138020736,SampleScene,none,none,
1721138020740,SampleScene,none,none,
1721138020744,SampleScene,none,none,
1721138020748,SampleScene,none,none,
1721138020754,SampleScene,none,none,
1721138020758,SampleScene,none,none,
1721138020762,SampleScene,none,none,
1721138020767,SampleScene,none,none,
1721138020771,SampleScene,none,none,
1721138020776,SampleScene,none,none,
1721138020780,SampleScene,none,none,
1721138020785,SampleScene,none,none,
1721138020789,SampleScene,none,none,
1721138020793,SampleScene,none,none,
1721138020797,SampleScene,none,none,
1721138020800,SampleScene,none,none,
1721138020806,SampleScene,none,none,
1721138020810,SampleScene,none,none,
1721138020814,SampleScene,none,none,
1721138020818,SampleScene,none,none,
1721138020823,SampleScene,none,none,
1721138020828,SampleScene,none,none,
1721138020831,SampleScene,none,none,
1721138020837,SampleScene,none,none,
1721138020841,SampleScene,none,none,
1721138020845,SampleScene,none,none,
1721138020850,SampleScene,none,none,
1721138020855,SampleScene,none,none,
1721138020859,SampleScene,none,none,
1721138020863,SampleScene,none,none,
1721138020867,SampleScene,none,none,
1721138020871,SampleScene,none,none,
1721138020877,SampleScene,none,none,
1721138020882,SampleScene,none,none,
1721138020885,SampleScene,none,none,
1721138020889,SampleScene,none,none,
1721138020894,SampleScene,none,none,
1721138020899,SampleScene,none,none,
1721138020903,SampleScene,none,none,
1721138020907,SampleScene,none,none,
1721138020911,SampleScene,none,none,
1721138020914,SampleScene,none,none,
1721138020924,SampleScene,none,none,
1721138020931,SampleScene,none,none,
1721138020936,SampleScene,none,none,
1721138020940,SampleScene,none,none,
1721138020945,SampleScene,none,none,
1721138020949,SampleScene,none,none,
1721138020953,SampleScene,none,none,
1721138020957,SampleScene,none,none,
1721138020962,SampleScene,none,none,
1721138020966,SampleScene,none,none,
1721138020971,SampleScene,none,none,
1721138020975,SampleScene,none,none,
1721138020980,SampleScene,none,none,
1721138020984,SampleScene,none,none,
1721138020987,SampleScene,none,none,
1721138020992,SampleScene,none,none,
1721138020995,SampleScene,none,none,
1721138021000,SampleScene,none,none,
1721138021005,SampleScene,none,none,
1721138021008,SampleScene,none,none,
1721138021013,SampleScene,none,none,
1721138021017,SampleScene,none,none,
1721138021021,SampleScene,none,none,
1721138021025,SampleScene,none,none,
1721138021029,SampleScene,none,none,
1721138021034,SampleScene,none,none,
1721138021039,SampleScene,none,none,
1721138021043,SampleScene,none,none,
1721138021047,SampleScene,none,none,
1721138021052,SampleScene,none,none,
1721138021060,SampleScene,none,none,
